,Método,V_0,sV_0
0,1,-2.9158818948142184,0.03924859300661325
1,2,-0.25019723461656346,inf
2,3,-3.301127452917156,0.27486091244830824
3,4,-0.9537706482114376,0.4372626750222845
